Ngay_thang_nam,Nam,Thang,Ngay,H
2017-01-01,2017,1,1,43.0
2017-01-02,2017,1,2,40.0
2017-01-03,2017,1,3,35.0
2017-01-04,2017,1,4,30.0
2017-01-05,2017,1,5,27.0
2017-01-06,2017,1,6,20.0
2017-01-07,2017,1,7,8.0
2017-01-08,2017,1,8,2.0
2017-01-09,2017,1,9,13.0
2017-01-10,2017,1,10,17.0
2017-01-11,2017,1,11,29.0
2017-01-12,2017,1,12,71.0
2017-01-13,2017,1,13,108.0
2017-01-14,2017,1,14,122.0
2017-01-15,2017,1,15,124.0
2017-01-16,2017,1,16,111.0
2017-01-17,2017,1,17,98.0
2017-01-18,2017,1,18,80.0
2017-01-19,2017,1,19,63.0
2017-01-20,2017,1,20,50.0
2017-01-21,2017,1,21,39.0
2017-01-22,2017,1,22,41.0
2017-01-23,2017,1,23,52.0
2017-01-24,2017,1,24,54.0
2017-01-25,2017,1,25,60.0
2017-01-26,2017,1,26,70.0
2017-01-27,2017,1,27,75.0
2017-01-28,2017,1,28,76.0
2017-01-29,2017,1,29,71.0
2017-01-30,2017,1,30,63.0
2017-01-31,2017,1,31,56.0
2017-02-01,2017,2,1,44.0
2017-02-02,2017,2,2,42.0
2017-02-03,2017,2,3,33.0
2017-02-04,2017,2,4,36.0
2017-02-05,2017,2,5,34.0
2017-02-06,2017,2,6,48.0
2017-02-07,2017,2,7,63.0
2017-02-08,2017,2,8,80.0
2017-02-09,2017,2,9,85.0
2017-02-10,2017,2,10,79.0
2017-02-11,2017,2,11,77.0
2017-02-12,2017,2,12,72.0
2017-02-13,2017,2,13,66.0
2017-02-14,2017,2,14,57.0
2017-02-15,2017,2,15,50.0
2017-02-16,2017,2,16,47.0
2017-02-17,2017,2,17,45.0
2017-02-18,2017,2,18,29.0
2017-02-19,2017,2,19,20.0
2017-02-20,2017,2,20,37.0
2017-02-21,2017,2,21,47.0
2017-02-22,2017,2,22,48.0
2017-02-23,2017,2,23,45.0
2017-02-24,2017,2,24,43.0
2017-02-25,2017,2,25,34.0
2017-02-26,2017,2,26,32.0
2017-02-27,2017,2,27,32.0
2017-02-28,2017,2,28,31.0
2017-03-01,2017,3,1,26.0
2017-03-02,2017,3,2,15.0
2017-03-03,2017,3,3,16.0
2017-03-04,2017,3,4,17.0
2017-03-05,2017,3,5,23.0
2017-03-06,2017,3,6,28.0
2017-03-07,2017,3,7,25.0
2017-03-08,2017,3,8,33.0
2017-03-09,2017,3,9,46.0
2017-03-10,2017,3,10,54.0
2017-03-11,2017,3,11,55.0
2017-03-12,2017,3,12,53.0
2017-03-13,2017,3,13,53.0
2017-03-14,2017,3,14,53.0
2017-03-15,2017,3,15,44.0
2017-03-16,2017,3,16,38.0
2017-03-17,2017,3,17,42.0
2017-03-18,2017,3,18,40.0
2017-03-19,2017,3,19,40.0
2017-03-20,2017,3,20,44.0
2017-03-21,2017,3,21,44.0
2017-03-22,2017,3,22,46.0
2017-03-23,2017,3,23,42.0
2017-03-24,2017,3,24,39.0
2017-03-25,2017,3,25,40.0
2017-03-26,2017,3,26,39.0
2017-03-27,2017,3,27,38.0
2017-03-28,2017,3,28,43.0
2017-03-29,2017,3,29,43.0
2017-03-30,2017,3,30,32.0
2017-03-31,2017,3,31,26.0
2017-04-01,2017,4,1,29.0
2017-04-02,2017,4,2,42.0
2017-04-03,2017,4,3,56.0
2017-04-04,2017,4,4,58.0
2017-04-05,2017,4,5,54.0
2017-04-06,2017,4,6,48.0
2017-04-07,2017,4,7,42.0
2017-04-08,2017,4,8,34.0
2017-04-09,2017,4,9,30.0
2017-04-10,2017,4,10,25.0
2017-04-11,2017,4,11,16.0
2017-04-12,2017,4,12,9.0
2017-04-13,2017,4,13,1.0
2017-04-14,2017,4,14,1.0
2017-04-15,2017,4,15,10.0
2017-04-16,2017,4,16,20.0
2017-04-17,2017,4,17,27.0
2017-04-18,2017,4,18,32.0
2017-04-19,2017,4,19,38.0
2017-04-20,2017,4,20,37.0
2017-04-21,2017,4,21,32.0
2017-04-22,2017,4,22,46.0
2017-04-23,2017,4,23,56.0
2017-04-24,2017,4,24,61.0
2017-04-25,2017,4,25,57.0
2017-04-26,2017,4,26,46.0
2017-04-27,2017,4,27,45.0
2017-04-28,2017,4,28,60.0
2017-04-29,2017,4,29,66.0
2017-04-30,2017,4,30,65.0
2017-05-01,2017,5,1,65.0
2017-05-02,2017,5,2,63.0
2017-05-03,2017,5,3,53.0
2017-05-04,2017,5,4,43.0
2017-05-05,2017,5,5,31.0
2017-05-06,2017,5,6,15.0
2017-05-07,2017,5,7,13.0
2017-05-08,2017,5,8,15.0
2017-05-09,2017,5,9,21.0
2017-05-10,2017,5,10,23.0
2017-05-11,2017,5,11,28.0
2017-05-12,2017,5,12,40.0
2017-05-13,2017,5,13,53.0
2017-05-14,2017,5,14,65.0
2017-05-15,2017,5,15,70.0
2017-05-16,2017,5,16,67.0
2017-05-17,2017,5,17,61.0
2017-05-18,2017,5,18,55.0
2017-05-19,2017,5,19,55.0
2017-05-20,2017,5,20,60.0
2017-05-21,2017,5,21,64.0
2017-05-22,2017,5,22,60.0
2017-05-23,2017,5,23,54.0
2017-05-24,2017,5,24,49.0
2017-05-25,2017,5,25,54.0
2017-05-26,2017,5,26,60.0
2017-05-27,2017,5,27,63.0
2017-05-28,2017,5,28,63.0
2017-05-29,2017,5,29,67.0
2017-05-30,2017,5,30,69.0
2017-05-31,2017,5,31,64.0
2017-06-01,2017,6,1,57.0
2017-06-02,2017,6,2,41.0
2017-06-03,2017,6,3,19.0
2017-06-04,2017,6,4,4.0
2017-06-05,2017,6,5,-2.0
2017-06-06,2017,6,6,-1.0
2017-06-07,2017,6,7,9.0
2017-06-08,2017,6,8,28.0
2017-06-09,2017,6,9,55.0
2017-06-10,2017,6,10,70.0
2017-06-11,2017,6,11,72.0
2017-06-12,2017,6,12,73.0
2017-06-13,2017,6,13,66.0
2017-06-14,2017,6,14,70.0
2017-06-15,2017,6,15,71.0
2017-06-16,2017,6,16,66.0
2017-06-17,2017,6,17,56.0
2017-06-18,2017,6,18,53.0
2017-06-19,2017,6,19,54.0
2017-06-20,2017,6,20,62.0
2017-06-21,2017,6,21,68.0
2017-06-22,2017,6,22,79.0
2017-06-23,2017,6,23,99.0
2017-06-24,2017,6,24,109.0
2017-06-25,2017,6,25,127.0
2017-06-26,2017,6,26,173.0
2017-06-27,2017,6,27,190.0
2017-06-28,2017,6,28,185.0
2017-06-29,2017,6,29,187.0
2017-06-30,2017,6,30,204.0
2017-07-01,2017,7,1,212.0
2017-07-02,2017,7,2,205.0
2017-07-03,2017,7,3,186.0
2017-07-04,2017,7,4,159.0
2017-07-05,2017,7,5,145.0
2017-07-06,2017,7,6,163.0
2017-07-07,2017,7,7,179.0
2017-07-08,2017,7,8,215.0
2017-07-09,2017,7,9,275.0
2017-07-10,2017,7,10,275.0
2017-07-11,2017,7,11,252.0
2017-07-12,2017,7,12,240.0
2017-07-13,2017,7,13,241.0
2017-07-14,2017,7,14,243.0
2017-07-15,2017,7,15,240.0
2017-07-16,2017,7,16,265.0
2017-07-17,2017,7,17,325.0
2017-07-18,2017,7,18,481.0
2017-07-19,2017,7,19,531.0
2017-07-20,2017,7,20,534.0
2017-07-21,2017,7,21,536.0
2017-07-22,2017,7,22,533.0
2017-07-23,2017,7,23,507.0
2017-07-24,2017,7,24,472.0
2017-07-25,2017,7,25,439.0
2017-07-26,2017,7,26,407.0
2017-07-27,2017,7,27,375.0
2017-07-28,2017,7,28,351.0
2017-07-29,2017,7,29,328.0
2017-07-30,2017,7,30,291.0
2017-07-31,2017,7,31,245.0
2017-08-01,2017,8,1,280.0
2017-08-02,2017,8,2,313.0
2017-08-03,2017,8,3,311.0
2017-08-04,2017,8,4,304.0
2017-08-05,2017,8,5,300.0
2017-08-06,2017,8,6,301.0
2017-08-07,2017,8,7,298.0
2017-08-08,2017,8,8,289.0
2017-08-09,2017,8,9,272.0
2017-08-10,2017,8,10,240.0
2017-08-11,2017,8,11,204.0
2017-08-12,2017,8,12,168.0
2017-08-13,2017,8,13,131.0
2017-08-14,2017,8,14,100.0
2017-08-15,2017,8,15,115.0
2017-08-16,2017,8,16,173.0
2017-08-17,2017,8,17,243.0
2017-08-18,2017,8,18,305.0
2017-08-19,2017,8,19,343.0
2017-08-20,2017,8,20,332.0
2017-08-21,2017,8,21,313.0
2017-08-22,2017,8,22,291.0
2017-08-23,2017,8,23,269.0
2017-08-24,2017,8,24,259.0
2017-08-25,2017,8,25,251.0
2017-08-26,2017,8,26,252.0
2017-08-27,2017,8,27,251.0
2017-08-28,2017,8,28,240.0
2017-08-29,2017,8,29,231.0
2017-08-30,2017,8,30,238.0
2017-08-31,2017,8,31,250.0
2017-09-01,2017,9,1,254.0
2017-09-02,2017,9,2,243.0
2017-09-03,2017,9,3,225.0
2017-09-04,2017,9,4,207.0
2017-09-05,2017,9,5,191.0
2017-09-06,2017,9,6,174.0
2017-09-07,2017,9,7,159.0
2017-09-08,2017,9,8,149.0
2017-09-09,2017,9,9,144.0
2017-09-10,2017,9,10,182.0
2017-09-11,2017,9,11,230.0
2017-09-12,2017,9,12,244.0
2017-09-13,2017,9,13,242.0
2017-09-14,2017,9,14,242.0
2017-09-15,2017,9,15,236.0
2017-09-16,2017,9,16,309.0
2017-09-17,2017,9,17,416.0
2017-09-18,2017,9,18,435.0
2017-09-19,2017,9,19,431.0
2017-09-20,2017,9,20,431.0
2017-09-21,2017,9,21,436.0
2017-09-22,2017,9,22,411.0
2017-09-23,2017,9,23,383.0
2017-09-24,2017,9,24,355.0
2017-09-25,2017,9,25,331.0
2017-09-26,2017,9,26,316.0
2017-09-27,2017,9,27,303.0
2017-09-28,2017,9,28,289.0
2017-09-29,2017,9,29,270.0
2017-09-30,2017,9,30,254.0
2017-10-01,2017,10,1,238.0
2017-10-02,2017,10,2,223.0
2017-10-03,2017,10,3,217.0
2017-10-04,2017,10,4,239.0
2017-10-05,2017,10,5,273.0
2017-10-06,2017,10,6,291.0
2017-10-07,2017,10,7,298.0
2017-10-08,2017,10,8,301.0
2017-10-09,2017,10,9,297.0
2017-10-10,2017,10,10,341.0
2017-10-11,2017,10,11,507.0
2017-10-12,2017,10,12,595.0
2017-10-13,2017,10,13,617.0
2017-10-14,2017,10,14,617.0
2017-10-15,2017,10,15,604.0
2017-10-16,2017,10,16,579.0
2017-10-17,2017,10,17,549.0
2017-10-18,2017,10,18,513.0
2017-10-19,2017,10,19,483.0
2017-10-20,2017,10,20,458.0
2017-10-21,2017,10,21,434.0
2017-10-22,2017,10,22,414.0
2017-10-23,2017,10,23,394.0
2017-10-24,2017,10,24,377.0
2017-10-25,2017,10,25,357.0
2017-10-26,2017,10,26,338.0
2017-10-27,2017,10,27,318.0
2017-10-28,2017,10,28,291.0
2017-10-29,2017,10,29,267.0
2017-10-30,2017,10,30,237.0
2017-10-31,2017,10,31,207.0
2017-11-01,2017,11,1,185.0
2017-11-02,2017,11,2,161.0
2017-11-03,2017,11,3,132.0
2017-11-04,2017,11,4,112.0
2017-11-05,2017,11,5,109.0
2017-11-06,2017,11,6,108.0
2017-11-07,2017,11,7,107.0
2017-11-08,2017,11,8,105.0
2017-11-09,2017,11,9,104.0
2017-11-10,2017,11,10,109.0
2017-11-11,2017,11,11,109.0
2017-11-12,2017,11,12,104.0
2017-11-13,2017,11,13,98.0
2017-11-14,2017,11,14,91.0
2017-11-15,2017,11,15,77.0
2017-11-16,2017,11,16,65.0
2017-11-17,2017,11,17,62.0
2017-11-18,2017,11,18,63.0
2017-11-19,2017,11,19,59.0
2017-11-20,2017,11,20,61.0
2017-11-21,2017,11,21,65.0
2017-11-22,2017,11,22,67.0
2017-11-23,2017,11,23,64.0
2017-11-24,2017,11,24,59.0
2017-11-25,2017,11,25,56.0
2017-11-26,2017,11,26,57.0
2017-11-27,2017,11,27,53.0
2017-11-28,2017,11,28,55.0
2017-11-29,2017,11,29,53.0
2017-11-30,2017,11,30,45.0
2017-12-01,2017,12,1,37.0
2017-12-02,2017,12,2,46.0
2017-12-03,2017,12,3,56.0
2017-12-04,2017,12,4,56.0
2017-12-05,2017,12,5,53.0
2017-12-06,2017,12,6,59.0
2017-12-07,2017,12,7,71.0
2017-12-08,2017,12,8,77.0
2017-12-09,2017,12,9,76.0
2017-12-10,2017,12,10,70.0
2017-12-11,2017,12,11,61.0
2017-12-12,2017,12,12,45.0
2017-12-13,2017,12,13,39.0
2017-12-14,2017,12,14,46.0
2017-12-15,2017,12,15,47.0
2017-12-16,2017,12,16,42.0
2017-12-17,2017,12,17,34.0
2017-12-18,2017,12,18,33.0
2017-12-19,2017,12,19,32.0
2017-12-20,2017,12,20,31.0
2017-12-21,2017,12,21,36.0
2017-12-22,2017,12,22,46.0
2017-12-23,2017,12,23,48.0
2017-12-24,2017,12,24,42.0
2017-12-25,2017,12,25,31.0
2017-12-26,2017,12,26,33.0
2017-12-27,2017,12,27,34.0
2017-12-28,2017,12,28,34.0
2017-12-29,2017,12,29,32.0
2017-12-30,2017,12,30,37.0
2017-12-31,2017,12,31,42.0
2018-01-01,2018,1,1,56.0
2018-01-02,2018,1,2,64.0
2018-01-03,2018,1,3,66.0
2018-01-04,2018,1,4,69.0
2018-01-05,2018,1,5,69.0
2018-01-06,2018,1,6,65.0
2018-01-07,2018,1,7,61.0
2018-01-08,2018,1,8,56.0
2018-01-09,2018,1,9,34.0
2018-01-10,2018,1,10,10.0
2018-01-11,2018,1,11,12.0
2018-01-12,2018,1,12,22.0
2018-01-13,2018,1,13,29.0
2018-01-14,2018,1,14,36.0
2018-01-15,2018,1,15,38.0
2018-01-16,2018,1,16,37.0
2018-01-17,2018,1,17,33.0
2018-01-18,2018,1,18,28.0
2018-01-19,2018,1,19,29.0
2018-01-20,2018,1,20,33.0
2018-01-21,2018,1,21,37.0
2018-01-22,2018,1,22,34.0
2018-01-23,2018,1,23,30.0
2018-01-24,2018,1,24,29.0
2018-01-25,2018,1,25,31.0
2018-01-26,2018,1,26,30.0
2018-01-27,2018,1,27,42.0
2018-01-28,2018,1,28,53.0
2018-01-29,2018,1,29,54.0
2018-01-30,2018,1,30,49.0
2018-01-31,2018,1,31,49.0
2018-02-01,2018,2,1,50.0
2018-02-02,2018,2,2,47.0
2018-02-03,2018,2,3,47.0
2018-02-04,2018,2,4,52.0
2018-02-05,2018,2,5,46.0
2018-02-06,2018,2,6,30.0
2018-02-07,2018,2,7,30.0
2018-02-08,2018,2,8,27.0
2018-02-09,2018,2,9,36.0
2018-02-10,2018,2,10,44.0
2018-02-11,2018,2,11,47.0
2018-02-12,2018,2,12,44.0
2018-02-13,2018,2,13,45.0
2018-02-14,2018,2,14,54.0
2018-02-15,2018,2,15,56.0
2018-02-16,2018,2,16,52.0
2018-02-17,2018,2,17,44.0
2018-02-18,2018,2,18,40.0
2018-02-19,2018,2,19,37.0
2018-02-20,2018,2,20,28.0
2018-02-21,2018,2,21,23.0
2018-02-22,2018,2,22,29.0
2018-02-23,2018,2,23,34.0
2018-02-24,2018,2,24,40.0
2018-02-25,2018,2,25,44.0
2018-02-26,2018,2,26,54.0
2018-02-27,2018,2,27,62.0
2018-02-28,2018,2,28,70.0
2018-03-01,2018,3,1,70.0
2018-03-02,2018,3,2,65.0
2018-03-03,2018,3,3,59.0
2018-03-04,2018,3,4,53.0
2018-03-05,2018,3,5,38.0
2018-03-06,2018,3,6,16.0
2018-03-07,2018,3,7,13.0
2018-03-08,2018,3,8,17.0
2018-03-09,2018,3,9,15.0
2018-03-10,2018,3,10,24.0
2018-03-11,2018,3,11,34.0
2018-03-12,2018,3,12,32.0
2018-03-13,2018,3,13,26.0
2018-03-14,2018,3,14,19.0
2018-03-15,2018,3,15,19.0
2018-03-16,2018,3,16,22.0
2018-03-17,2018,3,17,23.0
2018-03-18,2018,3,18,29.0
2018-03-19,2018,3,19,47.0
2018-03-20,2018,3,20,47.0
2018-03-21,2018,3,21,36.0
2018-03-22,2018,3,22,30.0
2018-03-23,2018,3,23,24.0
2018-03-24,2018,3,24,26.0
2018-03-25,2018,3,25,28.0
2018-03-26,2018,3,26,23.0
2018-03-27,2018,3,27,19.0
2018-03-28,2018,3,28,18.0
2018-03-29,2018,3,29,18.0
2018-03-30,2018,3,30,18.0
2018-03-31,2018,3,31,19.0
2018-04-01,2018,4,1,21.0
2018-04-02,2018,4,2,21.0
2018-04-03,2018,4,3,16.0
2018-04-04,2018,4,4,12.0
2018-04-05,2018,4,5,13.0
2018-04-06,2018,4,6,25.0
2018-04-07,2018,4,7,27.0
2018-04-08,2018,4,8,41.0
2018-04-09,2018,4,9,54.0
2018-04-10,2018,4,10,46.0
2018-04-11,2018,4,11,36.0
2018-04-12,2018,4,12,30.0
2018-04-13,2018,4,13,26.0
2018-04-14,2018,4,14,19.0
2018-04-15,2018,4,15,21.0
2018-04-16,2018,4,16,21.0
2018-04-17,2018,4,17,25.0
2018-04-18,2018,4,18,33.0
2018-04-19,2018,4,19,34.0
2018-04-20,2018,4,20,36.0
2018-04-21,2018,4,21,42.0
2018-04-22,2018,4,22,44.0
2018-04-23,2018,4,23,40.0
2018-04-24,2018,4,24,32.0
2018-04-25,2018,4,25,32.0
2018-04-26,2018,4,26,70.0
2018-04-27,2018,4,27,97.0
2018-04-28,2018,4,28,143.0
2018-04-29,2018,4,29,158.0
2018-04-30,2018,4,30,148.0
2018-05-01,2018,5,1,127.0
2018-05-02,2018,5,2,110.0
2018-05-03,2018,5,3,106.0
2018-05-04,2018,5,4,118.0
2018-05-05,2018,5,5,122.0
2018-05-06,2018,5,6,125.0
2018-05-07,2018,5,7,119.0
2018-05-08,2018,5,8,103.0
2018-05-09,2018,5,9,86.0
2018-05-10,2018,5,10,78.0
2018-05-11,2018,5,11,75.0
2018-05-12,2018,5,12,73.0
2018-05-13,2018,5,13,86.0
2018-05-14,2018,5,14,112.0
2018-05-15,2018,5,15,108.0
2018-05-16,2018,5,16,101.0
2018-05-17,2018,5,17,93.0
2018-05-18,2018,5,18,80.0
2018-05-19,2018,5,19,85.0
2018-05-20,2018,5,20,88.0
2018-05-21,2018,5,21,90.0
2018-05-22,2018,5,22,88.0
2018-05-23,2018,5,23,79.0
2018-05-24,2018,5,24,66.0
2018-05-25,2018,5,25,54.0
2018-05-26,2018,5,26,42.0
2018-05-27,2018,5,27,34.0
2018-05-28,2018,5,28,71.0
2018-05-29,2018,5,29,93.0
2018-05-30,2018,5,30,103.0
2018-05-31,2018,5,31,105.0
2018-06-01,2018,6,1,93.0
2018-06-02,2018,6,2,95.0
2018-06-03,2018,6,3,102.0
2018-06-04,2018,6,4,107.0
2018-06-05,2018,6,5,115.0
2018-06-06,2018,6,6,121.0
2018-06-07,2018,6,7,95.0
2018-06-08,2018,6,8,66.0
2018-06-09,2018,6,9,50.0
2018-06-10,2018,6,10,40.0
2018-06-11,2018,6,11,47.0
2018-06-12,2018,6,12,61.0
2018-06-13,2018,6,13,62.0
2018-06-14,2018,6,14,58.0
2018-06-15,2018,6,15,58.0
2018-06-16,2018,6,16,70.0
2018-06-17,2018,6,17,98.0
2018-06-18,2018,6,18,134.0
2018-06-19,2018,6,19,133.0
2018-06-20,2018,6,20,125.0
2018-06-21,2018,6,21,129.0
2018-06-22,2018,6,22,121.0
2018-06-23,2018,6,23,94.0
2018-06-24,2018,6,24,78.0
2018-06-25,2018,6,25,75.0
2018-06-26,2018,6,26,87.0
2018-06-27,2018,6,27,104.0
2018-06-28,2018,6,28,146.0
2018-06-29,2018,6,29,159.0
2018-06-30,2018,6,30,150.0
2018-07-01,2018,7,1,125.0
2018-07-02,2018,7,2,101.0
2018-07-03,2018,7,3,78.0
2018-07-04,2018,7,4,64.0
2018-07-05,2018,7,5,49.0
2018-07-06,2018,7,6,40.0
2018-07-07,2018,7,7,36.0
2018-07-08,2018,7,8,37.0
2018-07-09,2018,7,9,49.0
2018-07-10,2018,7,10,107.0
2018-07-11,2018,7,11,170.0
2018-07-12,2018,7,12,201.0
2018-07-13,2018,7,13,207.0
2018-07-14,2018,7,14,221.0
2018-07-15,2018,7,15,275.0
2018-07-16,2018,7,16,318.0
2018-07-17,2018,7,17,343.0
2018-07-18,2018,7,18,380.0
2018-07-19,2018,7,19,421.0
2018-07-20,2018,7,20,481.0
2018-07-21,2018,7,21,536.0
2018-07-22,2018,7,22,614.0
2018-07-23,2018,7,23,623.0
2018-07-24,2018,7,24,617.0
2018-07-25,2018,7,25,594.0
2018-07-26,2018,7,26,569.0
2018-07-27,2018,7,27,562.0
2018-07-28,2018,7,28,584.0
2018-07-29,2018,7,29,593.0
2018-07-30,2018,7,30,606.0
2018-07-31,2018,7,31,594.0
2018-08-01,2018,8,1,585.0
2018-08-02,2018,8,2,570.0
2018-08-03,2018,8,3,554.0
2018-08-04,2018,8,4,529.0
2018-08-05,2018,8,5,512.0
2018-08-06,2018,8,6,485.0
2018-08-07,2018,8,7,457.0
2018-08-08,2018,8,8,438.0
2018-08-09,2018,8,9,418.0
2018-08-10,2018,8,10,397.0
2018-08-11,2018,8,11,374.0
2018-08-12,2018,8,12,354.0
2018-08-13,2018,8,13,350.0
2018-08-14,2018,8,14,342.0
2018-08-15,2018,8,15,334.0
2018-08-16,2018,8,16,334.0
2018-08-17,2018,8,17,346.0
2018-08-18,2018,8,18,380.0
2018-08-19,2018,8,19,388.0
2018-08-20,2018,8,20,370.0
2018-08-21,2018,8,21,341.0
2018-08-22,2018,8,22,312.0
2018-08-23,2018,8,23,286.0
2018-08-24,2018,8,24,262.0
2018-08-25,2018,8,25,242.0
2018-08-26,2018,8,26,225.0
2018-08-27,2018,8,27,202.0
2018-08-28,2018,8,28,191.0
2018-08-29,2018,8,29,264.0
2018-08-30,2018,8,30,352.0
2018-08-31,2018,8,31,446.0
2018-09-01,2018,9,1,470.0
2018-09-02,2018,9,2,463.0
2018-09-03,2018,9,3,461.0
2018-09-04,2018,9,4,464.0
2018-09-05,2018,9,5,449.0
2018-09-06,2018,9,6,417.0
2018-09-07,2018,9,7,394.0
2018-09-08,2018,9,8,368.0
2018-09-09,2018,9,9,343.0
2018-09-10,2018,9,10,319.0
2018-09-11,2018,9,11,293.0
2018-09-12,2018,9,12,265.0
2018-09-13,2018,9,13,240.0
2018-09-14,2018,9,14,219.0
2018-09-15,2018,9,15,200.0
2018-09-16,2018,9,16,184.0
2018-09-17,2018,9,17,165.0
2018-09-18,2018,9,18,167.0
2018-09-19,2018,9,19,204.0
2018-09-20,2018,9,20,228.0
2018-09-21,2018,9,21,220.0
2018-09-22,2018,9,22,200.0
2018-09-23,2018,9,23,178.0
2018-09-24,2018,9,24,160.0
2018-09-25,2018,9,25,143.0
2018-09-26,2018,9,26,130.0
2018-09-27,2018,9,27,131.0
2018-09-28,2018,9,28,136.0
2018-09-29,2018,9,29,155.0
2018-09-30,2018,9,30,158.0
2018-10-01,2018,10,1,152.0
2018-10-02,2018,10,2,146.0
2018-10-03,2018,10,3,145.0
2018-10-04,2018,10,4,139.0
2018-10-05,2018,10,5,133.0
2018-10-06,2018,10,6,122.0
2018-10-07,2018,10,7,113.0
2018-10-08,2018,10,8,100.0
2018-10-09,2018,10,9,89.0
2018-10-10,2018,10,10,84.0
2018-10-11,2018,10,11,75.0
2018-10-12,2018,10,12,76.0
2018-10-13,2018,10,13,87.0
2018-10-14,2018,10,14,99.0
2018-10-15,2018,10,15,101.0
2018-10-16,2018,10,16,97.0
2018-10-17,2018,10,17,93.0
2018-10-18,2018,10,18,93.0
2018-10-19,2018,10,19,93.0
2018-10-20,2018,10,20,101.0
2018-10-21,2018,10,21,117.0
2018-10-22,2018,10,22,112.0
2018-10-23,2018,10,23,189.0
2018-10-24,2018,10,24,270.0
2018-10-25,2018,10,25,280.0
2018-10-26,2018,10,26,266.0
2018-10-27,2018,10,27,247.0
2018-10-28,2018,10,28,233.0
2018-10-29,2018,10,29,214.0
2018-10-30,2018,10,30,198.0
2018-10-31,2018,10,31,179.0
2018-11-01,2018,11,1,160.0
2018-11-02,2018,11,2,145.0
2018-11-03,2018,11,3,136.0
2018-11-04,2018,11,4,124.0
2018-11-05,2018,11,5,107.0
2018-11-06,2018,11,6,90.0
2018-11-07,2018,11,7,81.0
2018-11-08,2018,11,8,80.0
2018-11-09,2018,11,9,79.0
2018-11-10,2018,11,10,76.0
2018-11-11,2018,11,11,80.0
2018-11-12,2018,11,12,85.0
2018-11-13,2018,11,13,93.0
2018-11-14,2018,11,14,98.0
2018-11-15,2018,11,15,101.0
2018-11-16,2018,11,16,100.0
2018-11-17,2018,11,17,93.0
2018-11-18,2018,11,18,84.0
2018-11-19,2018,11,19,76.0
2018-11-20,2018,11,20,69.0
2018-11-21,2018,11,21,60.0
2018-11-22,2018,11,22,70.0
2018-11-23,2018,11,23,74.0
2018-11-24,2018,11,24,78.0
2018-11-25,2018,11,25,80.0
2018-11-26,2018,11,26,84.0
2018-11-27,2018,11,27,89.0
2018-11-28,2018,11,28,91.0
2018-11-29,2018,11,29,89.0
2018-11-30,2018,11,30,88.0
2018-12-01,2018,12,1,87.0
2018-12-02,2018,12,2,81.0
2018-12-03,2018,12,3,67.0
2018-12-04,2018,12,4,50.0
2018-12-05,2018,12,5,41.0
2018-12-06,2018,12,6,48.0
2018-12-07,2018,12,7,57.0
2018-12-08,2018,12,8,67.0
2018-12-09,2018,12,9,72.0
2018-12-10,2018,12,10,82.0
2018-12-11,2018,12,11,84.0
2018-12-12,2018,12,12,79.0
2018-12-13,2018,12,13,80.0
2018-12-14,2018,12,14,82.0
2018-12-15,2018,12,15,86.0
2018-12-16,2018,12,16,78.0
2018-12-17,2018,12,17,63.0
2018-12-18,2018,12,18,47.0
2018-12-19,2018,12,19,43.0
2018-12-20,2018,12,20,45.0
2018-12-21,2018,12,21,45.0
2018-12-22,2018,12,22,46.0
2018-12-23,2018,12,23,51.0
2018-12-24,2018,12,24,58.0
2018-12-25,2018,12,25,66.0
2018-12-26,2018,12,26,74.0
2018-12-27,2018,12,27,74.0
2018-12-28,2018,12,28,71.0
2018-12-29,2018,12,29,71.0
2018-12-30,2018,12,30,69.0
2018-12-31,2018,12,31,55.0
2019-01-01,2019,1,1,46.0
2019-01-02,2019,1,2,52.0
2019-01-03,2019,1,3,66.0
2019-01-04,2019,1,4,70.0
2019-01-05,2019,1,5,64.0
2019-01-06,2019,1,6,58.0
2019-01-07,2019,1,7,55.0
2019-01-08,2019,1,8,56.0
2019-01-09,2019,1,9,58.0
2019-01-10,2019,1,10,57.0
2019-01-11,2019,1,11,54.0
2019-01-12,2019,1,12,52.0
2019-01-13,2019,1,13,46.0
2019-01-14,2019,1,14,41.0
2019-01-15,2019,1,15,38.0
2019-01-16,2019,1,16,28.0
2019-01-17,2019,1,17,25.0
2019-01-18,2019,1,18,33.0
2019-01-19,2019,1,19,40.0
2019-01-20,2019,1,20,47.0
2019-01-21,2019,1,21,57.0
2019-01-22,2019,1,22,58.0
2019-01-23,2019,1,23,67.0
2019-01-24,2019,1,24,73.0
2019-01-25,2019,1,25,74.0
2019-01-26,2019,1,26,65.0
2019-01-27,2019,1,27,61.0
2019-01-28,2019,1,28,57.0
2019-01-29,2019,1,29,54.0
2019-01-30,2019,1,30,59.0
2019-01-31,2019,1,31,58.0
2019-02-01,2019,2,1,59.0
2019-02-02,2019,2,2,64.0
2019-02-03,2019,2,3,75.0
2019-02-04,2019,2,4,76.0
2019-02-05,2019,2,5,71.0
2019-02-06,2019,2,6,69.0
2019-02-07,2019,2,7,71.0
2019-02-08,2019,2,8,64.0
2019-02-09,2019,2,9,43.0
2019-02-10,2019,2,10,38.0
2019-02-11,2019,2,11,43.0
2019-02-12,2019,2,12,38.0
2019-02-13,2019,2,13,39.0
2019-02-14,2019,2,14,44.0
2019-02-15,2019,2,15,54.0
2019-02-16,2019,2,16,70.0
2019-02-17,2019,2,17,83.0
2019-02-18,2019,2,18,90.0
2019-02-19,2019,2,19,92.0
2019-02-20,2019,2,20,93.0
2019-02-21,2019,2,21,85.0
2019-02-22,2019,2,22,69.0
2019-02-23,2019,2,23,56.0
2019-02-24,2019,2,24,58.0
2019-02-25,2019,2,25,49.0
2019-02-26,2019,2,26,43.0
2019-02-27,2019,2,27,41.0
2019-02-28,2019,2,28,43.0
2019-03-01,2019,3,1,43.0
2019-03-02,2019,3,2,47.0
2019-03-03,2019,3,3,60.0
2019-03-04,2019,3,4,58.0
2019-03-05,2019,3,5,54.0
2019-03-06,2019,3,6,50.0
2019-03-07,2019,3,7,38.0
2019-03-08,2019,3,8,33.0
2019-03-09,2019,3,9,45.0
2019-03-10,2019,3,10,43.0
2019-03-11,2019,3,11,29.0
2019-03-12,2019,3,12,26.0
2019-03-13,2019,3,13,24.0
2019-03-14,2019,3,14,25.0
2019-03-15,2019,3,15,29.0
2019-03-16,2019,3,16,31.0
2019-03-17,2019,3,17,42.0
2019-03-18,2019,3,18,54.0
2019-03-19,2019,3,19,56.0
2019-03-20,2019,3,20,57.0
2019-03-21,2019,3,21,53.0
2019-03-22,2019,3,22,52.0
2019-03-23,2019,3,23,43.0
2019-03-24,2019,3,24,33.0
2019-03-25,2019,3,25,29.0
2019-03-26,2019,3,26,27.0
2019-03-27,2019,3,27,26.0
2019-03-28,2019,3,28,28.0
2019-03-29,2019,3,29,29.0
2019-03-30,2019,3,30,29.0
2019-03-31,2019,3,31,31.0
2019-04-01,2019,4,1,45.0
2019-04-02,2019,4,2,75.0
2019-04-03,2019,4,3,90.0
2019-04-04,2019,4,4,101.0
2019-04-05,2019,4,5,113.0
2019-04-06,2019,4,6,110.0
2019-04-07,2019,4,7,94.0
2019-04-08,2019,4,8,81.0
2019-04-09,2019,4,9,72.0
2019-04-10,2019,4,10,61.0
2019-04-11,2019,4,11,56.0
2019-04-12,2019,4,12,58.0
2019-04-13,2019,4,13,64.0
2019-04-14,2019,4,14,69.0
2019-04-15,2019,4,15,77.0
2019-04-16,2019,4,16,90.0
2019-04-17,2019,4,17,88.0
2019-04-18,2019,4,18,85.0
2019-04-19,2019,4,19,72.0
2019-04-20,2019,4,20,55.0
2019-04-21,2019,4,21,50.0
2019-04-22,2019,4,22,49.0
2019-04-23,2019,4,23,44.0
2019-04-24,2019,4,24,44.0
2019-04-25,2019,4,25,46.0
2019-04-26,2019,4,26,45.0
2019-04-27,2019,4,27,51.0
2019-04-28,2019,4,28,61.0
2019-04-29,2019,4,29,68.0
2019-04-30,2019,4,30,87.0
2019-05-01,2019,5,1,127.0
2019-05-02,2019,5,2,163.0
2019-05-03,2019,5,3,171.0
2019-05-04,2019,5,4,166.0
2019-05-05,2019,5,5,155.0
2019-05-06,2019,5,6,139.0
2019-05-07,2019,5,7,127.0
2019-05-08,2019,5,8,122.0
2019-05-09,2019,5,9,128.0
2019-05-10,2019,5,10,120.0
2019-05-11,2019,5,11,111.0
2019-05-12,2019,5,12,108.0
2019-05-13,2019,5,13,103.0
2019-05-14,2019,5,14,96.0
2019-05-15,2019,5,15,84.0
2019-05-16,2019,5,16,72.0
2019-05-17,2019,5,17,55.0
2019-05-18,2019,5,18,40.0
2019-05-19,2019,5,19,44.0
2019-05-20,2019,5,20,48.0
2019-05-21,2019,5,21,52.0
2019-05-22,2019,5,22,57.0
2019-05-23,2019,5,23,64.0
2019-05-24,2019,5,24,72.0
2019-05-25,2019,5,25,73.0
2019-05-26,2019,5,26,75.0
2019-05-27,2019,5,27,67.0
2019-05-28,2019,5,28,55.0
2019-05-29,2019,5,29,42.0
2019-05-30,2019,5,30,42.0
2019-05-31,2019,5,31,49.0
2019-06-01,2019,6,1,76.0
2019-06-02,2019,6,2,130.0
2019-06-03,2019,6,3,159.0
2019-06-04,2019,6,4,150.0
2019-06-05,2019,6,5,132.0
2019-06-06,2019,6,6,126.0
2019-06-07,2019,6,7,123.0
2019-06-08,2019,6,8,120.0
2019-06-09,2019,6,9,117.0
2019-06-10,2019,6,10,105.0
2019-06-11,2019,6,11,84.0
2019-06-12,2019,6,12,67.0
2019-06-13,2019,6,13,51.0
2019-06-14,2019,6,14,39.0
2019-06-15,2019,6,15,36.0
2019-06-16,2019,6,16,49.0
2019-06-17,2019,6,17,60.0
2019-06-18,2019,6,18,84.0
2019-06-19,2019,6,19,111.0
2019-06-20,2019,6,20,125.0
2019-06-21,2019,6,21,123.0
2019-06-22,2019,6,22,115.0
2019-06-23,2019,6,23,100.0
2019-06-24,2019,6,24,83.0
2019-06-25,2019,6,25,70.0
2019-06-26,2019,6,26,80.0
2019-06-27,2019,6,27,82.0
2019-06-28,2019,6,28,67.0
2019-06-29,2019,6,29,52.0
2019-06-30,2019,6,30,59.0
2019-07-01,2019,7,1,98.0
2019-07-02,2019,7,2,119.0
2019-07-03,2019,7,3,135.0
2019-07-04,2019,7,4,162.0
2019-07-05,2019,7,5,194.0
2019-07-06,2019,7,6,184.0
2019-07-07,2019,7,7,162.0
2019-07-08,2019,7,8,132.0
2019-07-09,2019,7,9,92.0
2019-07-10,2019,7,10,70.0
2019-07-11,2019,7,11,55.0
2019-07-12,2019,7,12,40.0
2019-07-13,2019,7,13,36.0
2019-07-14,2019,7,14,38.0
2019-07-15,2019,7,15,40.0
2019-07-16,2019,7,16,49.0
2019-07-17,2019,7,17,56.0
2019-07-18,2019,7,18,55.0
2019-07-19,2019,7,19,55.0
2019-07-20,2019,7,20,58.0
2019-07-21,2019,7,21,62.0
2019-07-22,2019,7,22,67.0
2019-07-23,2019,7,23,61.0
2019-07-24,2019,7,24,57.0
2019-07-25,2019,7,25,63.0
2019-07-26,2019,7,26,83.0
2019-07-27,2019,7,27,88.0
2019-07-28,2019,7,28,85.0
2019-07-29,2019,7,29,82.0
2019-07-30,2019,7,30,83.0
2019-07-31,2019,7,31,94.0
2019-08-01,2019,8,1,117.0
2019-08-02,2019,8,2,164.0
2019-08-03,2019,8,3,217.0
2019-08-04,2019,8,4,427.0
2019-08-05,2019,8,5,523.0
2019-08-06,2019,8,6,520.0
2019-08-07,2019,8,7,494.0
2019-08-08,2019,8,8,465.0
2019-08-09,2019,8,9,445.0
2019-08-10,2019,8,10,438.0
2019-08-11,2019,8,11,412.0
2019-08-12,2019,8,12,377.0
2019-08-13,2019,8,13,344.0
2019-08-14,2019,8,14,310.0
2019-08-15,2019,8,15,272.0
2019-08-16,2019,8,16,232.0
2019-08-17,2019,8,17,200.0
2019-08-18,2019,8,18,179.0
2019-08-19,2019,8,19,157.0
2019-08-20,2019,8,20,134.0
2019-08-21,2019,8,21,138.0
2019-08-22,2019,8,22,157.0
2019-08-23,2019,8,23,172.0
2019-08-24,2019,8,24,171.0
2019-08-25,2019,8,25,165.0
2019-08-26,2019,8,26,150.0
2019-08-27,2019,8,27,135.0
2019-08-28,2019,8,28,135.0
2019-08-29,2019,8,29,157.0
2019-08-30,2019,8,30,196.0
2019-08-31,2019,8,31,263.0
2019-09-01,2019,9,1,317.0
2019-09-02,2019,9,2,363.0
2019-09-03,2019,9,3,361.0
2019-09-04,2019,9,4,341.0
2019-09-05,2019,9,5,316.0
2019-09-06,2019,9,6,285.0
2019-09-07,2019,9,7,249.0
2019-09-08,2019,9,8,219.0
2019-09-09,2019,9,9,195.0
2019-09-10,2019,9,10,177.0
2019-09-11,2019,9,11,172.0
2019-09-12,2019,9,12,168.0
2019-09-13,2019,9,13,159.0
2019-09-14,2019,9,14,140.0
2019-09-15,2019,9,15,119.0
2019-09-16,2019,9,16,97.0
2019-09-17,2019,9,17,82.0
2019-09-18,2019,9,18,76.0
2019-09-19,2019,9,19,90.0
2019-09-20,2019,9,20,113.0
2019-09-21,2019,9,21,129.0
2019-09-22,2019,9,22,126.0
2019-09-23,2019,9,23,118.0
2019-09-24,2019,9,24,110.0
2019-09-25,2019,9,25,103.0
2019-09-26,2019,9,26,99.0
2019-09-27,2019,9,27,92.0
2019-09-28,2019,9,28,85.0
2019-09-29,2019,9,29,75.0
2019-09-30,2019,9,30,67.0
2019-10-01,2019,10,1,58.0
2019-10-02,2019,10,2,50.0
2019-10-03,2019,10,3,48.0
2019-10-04,2019,10,4,72.0
2019-10-05,2019,10,5,108.0
2019-10-06,2019,10,6,115.0
2019-10-07,2019,10,7,104.0
2019-10-08,2019,10,8,99.0
2019-10-09,2019,10,9,120.0
2019-10-10,2019,10,10,153.0
2019-10-11,2019,10,11,160.0
2019-10-12,2019,10,12,148.0
2019-10-13,2019,10,13,128.0
2019-10-14,2019,10,14,122.0
2019-10-15,2019,10,15,138.0
2019-10-16,2019,10,16,147.0
2019-10-17,2019,10,17,143.0
2019-10-18,2019,10,18,136.0
2019-10-19,2019,10,19,126.0
2019-10-20,2019,10,20,118.0
2019-10-21,2019,10,21,114.0
2019-10-22,2019,10,22,114.0
2019-10-23,2019,10,23,113.0
2019-10-24,2019,10,24,112.0
2019-10-25,2019,10,25,114.0
2019-10-26,2019,10,26,106.0
2019-10-27,2019,10,27,96.0
2019-10-28,2019,10,28,83.0
2019-10-29,2019,10,29,69.0
2019-10-30,2019,10,30,67.0
2019-10-31,2019,10,31,72.0
2019-11-01,2019,11,1,85.0
2019-11-02,2019,11,2,101.0
2019-11-03,2019,11,3,111.0
2019-11-04,2019,11,4,107.0
2019-11-05,2019,11,5,102.0
2019-11-06,2019,11,6,99.0
2019-11-07,2019,11,7,97.0
2019-11-08,2019,11,8,84.0
2019-11-09,2019,11,9,70.0
2019-11-10,2019,11,10,61.0
2019-11-11,2019,11,11,56.0
2019-11-12,2019,11,12,53.0
2019-11-13,2019,11,13,49.0
2019-11-14,2019,11,14,61.0
2019-11-15,2019,11,15,72.0
2019-11-16,2019,11,16,86.0
2019-11-17,2019,11,17,95.0
2019-11-18,2019,11,18,91.0
2019-11-19,2019,11,19,82.0
2019-11-20,2019,11,20,83.0
2019-11-21,2019,11,21,85.0
2019-11-22,2019,11,22,89.0
2019-11-23,2019,11,23,83.0
2019-11-24,2019,11,24,67.0
2019-11-25,2019,11,25,52.0
2019-11-26,2019,11,26,46.0
2019-11-27,2019,11,27,54.0
2019-11-28,2019,11,28,66.0
2019-11-29,2019,11,29,70.0
2019-11-30,2019,11,30,79.0
2019-12-01,2019,12,1,85.0
2019-12-02,2019,12,2,75.0
2019-12-03,2019,12,3,58.0
2019-12-04,2019,12,4,58.0
2019-12-05,2019,12,5,57.0
2019-12-06,2019,12,6,53.0
2019-12-07,2019,12,7,48.0
2019-12-08,2019,12,8,43.0
2019-12-09,2019,12,9,43.0
2019-12-10,2019,12,10,39.0
2019-12-11,2019,12,11,35.0
2019-12-12,2019,12,12,32.0
2019-12-13,2019,12,13,33.0
2019-12-14,2019,12,14,41.0
2019-12-15,2019,12,15,49.0
2019-12-16,2019,12,16,51.0
2019-12-17,2019,12,17,46.0
2019-12-18,2019,12,18,47.0
2019-12-19,2019,12,19,46.0
2019-12-20,2019,12,20,44.0
2019-12-21,2019,12,21,40.0
2019-12-22,2019,12,22,32.0
2019-12-23,2019,12,23,26.0
2019-12-24,2019,12,24,27.0
2019-12-25,2019,12,25,32.0
2019-12-26,2019,12,26,34.0
2019-12-27,2019,12,27,29.0
2019-12-28,2019,12,28,28.0
2019-12-29,2019,12,29,34.0
2019-12-30,2019,12,30,42.0
2019-12-31,2019,12,31,36.0
2020-01-01,2020,1,1,34.0
2020-01-02,2020,1,2,43.0
2020-01-03,2020,1,3,42.0
2020-01-04,2020,1,4,29.0
2020-01-05,2020,1,5,19.0
2020-01-06,2020,1,6,22.0
2020-01-07,2020,1,7,25.0
2020-01-08,2020,1,8,22.0
2020-01-09,2020,1,9,19.0
2020-01-10,2020,1,10,20.0
2020-01-11,2020,1,11,26.0
2020-01-12,2020,1,12,28.0
2020-01-13,2020,1,13,22.0
2020-01-14,2020,1,14,26.0
2020-01-15,2020,1,15,31.0
2020-01-16,2020,1,16,30.0
2020-01-17,2020,1,17,21.0
2020-01-18,2020,1,18,12.0
2020-01-19,2020,1,19,7.0
2020-01-20,2020,1,20,8.0
2020-01-21,2020,1,21,18.0
2020-01-22,2020,1,22,28.0
2020-01-23,2020,1,23,41.0
2020-01-24,2020,1,24,48.0
2020-01-25,2020,1,25,71.0
2020-01-26,2020,1,26,108.0
2020-01-27,2020,1,27,124.0
2020-01-28,2020,1,28,122.0
2020-01-29,2020,1,29,104.0
2020-01-30,2020,1,30,79.0
2020-01-31,2020,1,31,63.0
2020-02-01,2020,2,1,49.0
2020-02-02,2020,2,2,41.0
2020-02-03,2020,2,3,43.0
2020-02-04,2020,2,4,59.0
2020-02-05,2020,2,5,67.0
2020-02-06,2020,2,6,82.0
2020-02-07,2020,2,7,91.0
2020-02-08,2020,2,8,99.0
2020-02-09,2020,2,9,104.0
2020-02-10,2020,2,10,107.0
2020-02-11,2020,2,11,101.0
2020-02-12,2020,2,12,96.0
2020-02-13,2020,2,13,89.0
2020-02-14,2020,2,14,85.0
2020-02-15,2020,2,15,78.0
2020-02-16,2020,2,16,70.0
2020-02-17,2020,2,17,55.0
2020-02-18,2020,2,18,54.0
2020-02-19,2020,2,19,56.0
2020-02-20,2020,2,20,51.0
2020-02-21,2020,2,21,49.0
2020-02-22,2020,2,22,54.0
2020-02-23,2020,2,23,51.0
2020-02-24,2020,2,24,48.0
2020-02-25,2020,2,25,45.0
2020-02-26,2020,2,26,36.0
2020-02-27,2020,2,27,23.0
2020-02-28,2020,2,28,21.0
2020-02-29,2020,2,29,24.0
2020-03-01,2020,3,1,24.0
2020-03-02,2020,3,2,18.0
2020-03-03,2020,3,3,52.0
2020-03-04,2020,3,4,176.0
2020-03-05,2020,3,5,254.0
2020-03-06,2020,3,6,238.0
2020-03-07,2020,3,7,198.0
2020-03-08,2020,3,8,163.0
2020-03-09,2020,3,9,135.0
2020-03-10,2020,3,10,109.0
2020-03-11,2020,3,11,87.0
2020-03-12,2020,3,12,66.0
2020-03-13,2020,3,13,49.0
2020-03-14,2020,3,14,29.0
2020-03-15,2020,3,15,20.0
2020-03-16,2020,3,16,27.0
2020-03-17,2020,3,17,40.0
2020-03-18,2020,3,18,52.0
2020-03-19,2020,3,19,61.0
2020-03-20,2020,3,20,65.0
2020-03-21,2020,3,21,65.0
2020-03-22,2020,3,22,63.0
2020-03-23,2020,3,23,62.0
2020-03-24,2020,3,24,58.0
2020-03-25,2020,3,25,52.0
2020-03-26,2020,3,26,53.0
2020-03-27,2020,3,27,42.0
2020-03-28,2020,3,28,33.0
2020-03-29,2020,3,29,29.0
2020-03-30,2020,3,30,32.0
2020-03-31,2020,3,31,33.0
2020-04-01,2020,4,1,28.0
2020-04-02,2020,4,2,27.0
2020-04-03,2020,4,3,31.0
2020-04-04,2020,4,4,46.0
2020-04-05,2020,4,5,53.0
2020-04-06,2020,4,6,49.0
2020-04-07,2020,4,7,44.0
2020-04-08,2020,4,8,43.0
2020-04-09,2020,4,9,43.0
2020-04-10,2020,4,10,40.0
2020-04-11,2020,4,11,44.0
2020-04-12,2020,4,12,47.0
2020-04-13,2020,4,13,56.0
2020-04-14,2020,4,14,72.0
2020-04-15,2020,4,15,81.0
2020-04-16,2020,4,16,78.0
2020-04-17,2020,4,17,76.0
2020-04-18,2020,4,18,67.0
2020-04-19,2020,4,19,56.0
2020-04-20,2020,4,20,45.0
2020-04-21,2020,4,21,30.0
2020-04-22,2020,4,22,20.0
2020-04-23,2020,4,23,23.0
2020-04-24,2020,4,24,39.0
2020-04-25,2020,4,25,72.0
2020-04-26,2020,4,26,101.0
2020-04-27,2020,4,27,103.0
2020-04-28,2020,4,28,96.0
2020-04-29,2020,4,29,87.0
2020-04-30,2020,4,30,82.0
2020-05-01,2020,5,1,75.0
2020-05-02,2020,5,2,66.0
2020-05-03,2020,5,3,59.0
2020-05-04,2020,5,4,48.0
2020-05-05,2020,5,5,32.0
2020-05-06,2020,5,6,21.0
2020-05-07,2020,5,7,10.0
2020-05-08,2020,5,8,10.0
2020-05-09,2020,5,9,22.0
2020-05-10,2020,5,10,38.0
2020-05-11,2020,5,11,53.0
2020-05-12,2020,5,12,83.0
2020-05-13,2020,5,13,111.0
2020-05-14,2020,5,14,122.0
2020-05-15,2020,5,15,129.0
2020-05-16,2020,5,16,128.0
2020-05-17,2020,5,17,116.0
2020-05-18,2020,5,18,97.0
2020-05-19,2020,5,19,78.0
2020-05-20,2020,5,20,59.0
2020-05-21,2020,5,21,50.0
2020-05-22,2020,5,22,45.0
2020-05-23,2020,5,23,42.0
2020-05-24,2020,5,24,45.0
2020-05-25,2020,5,25,50.0
2020-05-26,2020,5,26,60.0
2020-05-27,2020,5,27,72.0
2020-05-28,2020,5,28,77.0
2020-05-29,2020,5,29,78.0
2020-05-30,2020,5,30,75.0
2020-05-31,2020,5,31,64.0
2020-06-01,2020,6,1,51.0
2020-06-02,2020,6,2,40.0
2020-06-03,2020,6,3,32.0
2020-06-04,2020,6,4,17.0
2020-06-05,2020,6,5,16.0
2020-06-06,2020,6,6,18.0
2020-06-07,2020,6,7,19.0
2020-06-08,2020,6,8,21.0
2020-06-09,2020,6,9,26.0
2020-06-10,2020,6,10,27.0
2020-06-11,2020,6,11,40.0
2020-06-12,2020,6,12,43.0
2020-06-13,2020,6,13,52.0
2020-06-14,2020,6,14,56.0
2020-06-15,2020,6,15,71.0
2020-06-16,2020,6,16,60.0
2020-06-17,2020,6,17,43.0
2020-06-18,2020,6,18,39.0
2020-06-19,2020,6,19,44.0
2020-06-20,2020,6,20,50.0
2020-06-21,2020,6,21,60.0
2020-06-22,2020,6,22,61.0
2020-06-23,2020,6,23,62.0
2020-06-24,2020,6,24,64.0
2020-06-25,2020,6,25,72.0
2020-06-26,2020,6,26,69.0
2020-06-27,2020,6,27,72.0
2020-06-28,2020,6,28,67.0
2020-06-29,2020,6,29,57.0
2020-06-30,2020,6,30,41.0
2020-07-01,2020,7,1,34.0
2020-07-02,2020,7,2,46.0
2020-07-03,2020,7,3,65.0
2020-07-04,2020,7,4,84.0
2020-07-05,2020,7,5,99.0
2020-07-06,2020,7,6,111.0
2020-07-07,2020,7,7,109.0
2020-07-08,2020,7,8,99.0
2020-07-09,2020,7,9,82.0
2020-07-10,2020,7,10,64.0
2020-07-11,2020,7,11,44.0
2020-07-12,2020,7,12,34.0
2020-07-13,2020,7,13,29.0
2020-07-14,2020,7,14,21.0
2020-07-15,2020,7,15,18.0
2020-07-16,2020,7,16,23.0
2020-07-17,2020,7,17,27.0
2020-07-18,2020,7,18,32.0
2020-07-19,2020,7,19,35.0
2020-07-20,2020,7,20,43.0
2020-07-21,2020,7,21,60.0
2020-07-22,2020,7,22,73.0
2020-07-23,2020,7,23,72.0
2020-07-24,2020,7,24,69.0
2020-07-25,2020,7,25,63.0
2020-07-26,2020,7,26,53.0
2020-07-27,2020,7,27,53.0
2020-07-28,2020,7,28,46.0
2020-07-29,2020,7,29,44.0
2020-07-30,2020,7,30,48.0
2020-07-31,2020,7,31,63.0
2020-08-01,2020,8,1,81.0
2020-08-02,2020,8,2,133.0
2020-08-03,2020,8,3,202.0
2020-08-04,2020,8,4,216.0
2020-08-05,2020,8,5,233.0
2020-08-06,2020,8,6,262.0
2020-08-07,2020,8,7,275.0
2020-08-08,2020,8,8,264.0
2020-08-09,2020,8,9,239.0
2020-08-10,2020,8,10,213.0
2020-08-11,2020,8,11,198.0
2020-08-12,2020,8,12,197.0
2020-08-13,2020,8,13,202.0
2020-08-14,2020,8,14,225.0
2020-08-15,2020,8,15,238.0
2020-08-16,2020,8,16,236.0
2020-08-17,2020,8,17,257.0
2020-08-18,2020,8,18,279.0
2020-08-19,2020,8,19,373.0
2020-08-20,2020,8,20,430.0
2020-08-21,2020,8,21,449.0
2020-08-22,2020,8,22,448.0
2020-08-23,2020,8,23,428.0
2020-08-24,2020,8,24,392.0
2020-08-25,2020,8,25,371.0
2020-08-26,2020,8,26,351.0
2020-08-27,2020,8,27,326.0
2020-08-28,2020,8,28,297.0
2020-08-29,2020,8,29,268.0
2020-08-30,2020,8,30,240.0
2020-08-31,2020,8,31,215.0
2020-09-01,2020,9,1,190.0
2020-09-02,2020,9,2,165.0
2020-09-03,2020,9,3,145.0
2020-09-04,2020,9,4,118.0
2020-09-05,2020,9,5,96.0
2020-09-06,2020,9,6,82.0
2020-09-07,2020,9,7,109.0
2020-09-08,2020,9,8,145.0
2020-09-09,2020,9,9,136.0
2020-09-10,2020,9,10,131.0
2020-09-11,2020,9,11,130.0
2020-09-12,2020,9,12,120.0
2020-09-13,2020,9,13,117.0
2020-09-14,2020,9,14,120.0
2020-09-15,2020,9,15,130.0
2020-09-16,2020,9,16,139.0
2020-09-17,2020,9,17,138.0
2020-09-18,2020,9,18,135.0
2020-09-19,2020,9,19,150.0
2020-09-20,2020,9,20,193.0
2020-09-21,2020,9,21,194.0
2020-09-22,2020,9,22,177.0
2020-09-23,2020,9,23,179.0
2020-09-24,2020,9,24,222.0
2020-09-25,2020,9,25,293.0
2020-09-26,2020,9,26,299.0
2020-09-27,2020,9,27,306.0
2020-09-28,2020,9,28,327.0
2020-09-29,2020,9,29,322.0
2020-09-30,2020,9,30,301.0
2020-10-01,2020,10,1,279.0
2020-10-02,2020,10,2,259.0
2020-10-03,2020,10,3,240.0
2020-10-04,2020,10,4,229.0
2020-10-05,2020,10,5,215.0
2020-10-06,2020,10,6,200.0
2020-10-07,2020,10,7,184.0
2020-10-08,2020,10,8,172.0
2020-10-09,2020,10,9,161.0
2020-10-10,2020,10,10,148.0
2020-10-11,2020,10,11,140.0
2020-10-12,2020,10,12,133.0
2020-10-13,2020,10,13,128.0
2020-10-14,2020,10,14,132.0
2020-10-15,2020,10,15,229.0
2020-10-16,2020,10,16,347.0
2020-10-17,2020,10,17,398.0
2020-10-18,2020,10,18,391.0
2020-10-19,2020,10,19,376.0
2020-10-20,2020,10,20,353.0
2020-10-21,2020,10,21,328.0
2020-10-22,2020,10,22,302.0
2020-10-23,2020,10,23,274.0
2020-10-24,2020,10,24,246.0
2020-10-25,2020,10,25,224.0
2020-10-26,2020,10,26,200.0
2020-10-27,2020,10,27,176.0
2020-10-28,2020,10,28,151.0
2020-10-29,2020,10,29,144.0
2020-10-30,2020,10,30,170.0
2020-10-31,2020,10,31,176.0
2020-11-01,2020,11,1,176.0
2020-11-02,2020,11,2,168.0
2020-11-03,2020,11,3,155.0
2020-11-04,2020,11,4,141.0
2020-11-05,2020,11,5,137.0
2020-11-06,2020,11,6,136.0
2020-11-07,2020,11,7,127.0
2020-11-08,2020,11,8,113.0
2020-11-09,2020,11,9,103.0
2020-11-10,2020,11,10,107.0
2020-11-11,2020,11,11,105.0
2020-11-12,2020,11,12,103.0
2020-11-13,2020,11,13,89.0
2020-11-14,2020,11,14,72.0
2020-11-15,2020,11,15,71.0
2020-11-16,2020,11,16,82.0
2020-11-17,2020,11,17,122.0
2020-11-18,2020,11,18,140.0
2020-11-19,2020,11,19,137.0
2020-11-20,2020,11,20,129.0
2020-11-21,2020,11,21,120.0
2020-11-22,2020,11,22,109.0
2020-11-23,2020,11,23,98.0
2020-11-24,2020,11,24,89.0
2020-11-25,2020,11,25,85.0
2020-11-26,2020,11,26,80.0
2020-11-27,2020,11,27,67.0
2020-11-28,2020,11,28,58.0
2020-11-29,2020,11,29,54.0
2020-11-30,2020,11,30,56.0
2020-12-01,2020,12,1,63.0
2020-12-02,2020,12,2,68.0
2020-12-03,2020,12,3,72.0
2020-12-04,2020,12,4,73.0
2020-12-05,2020,12,5,75.0
2020-12-06,2020,12,6,76.0
2020-12-07,2020,12,7,75.0
2020-12-08,2020,12,8,71.0
2020-12-09,2020,12,9,68.0
2020-12-10,2020,12,10,68.0
2020-12-11,2020,12,11,60.0
2020-12-12,2020,12,12,47.0
2020-12-13,2020,12,13,48.0
2020-12-14,2020,12,14,54.0
2020-12-15,2020,12,15,57.0
2020-12-16,2020,12,16,57.0
2020-12-17,2020,12,17,60.0
2020-12-18,2020,12,18,63.0
2020-12-19,2020,12,19,58.0
2020-12-20,2020,12,20,52.0
2020-12-21,2020,12,21,48.0
2020-12-22,2020,12,22,49.0
2020-12-23,2020,12,23,53.0
2020-12-24,2020,12,24,48.0
2020-12-25,2020,12,25,29.0
2020-12-26,2020,12,26,30.0
2020-12-27,2020,12,27,39.0
2020-12-28,2020,12,28,44.0
2020-12-29,2020,12,29,45.0
2020-12-30,2020,12,30,41.0
2020-12-31,2020,12,31,40.0
2021-01-01,2021,1,1,46.0
2021-01-02,2021,1,2,48.0
2021-01-03,2021,1,3,49.0
2021-01-04,2021,1,4,46.0
2021-01-05,2021,1,5,44.0
2021-01-06,2021,1,6,38.0
2021-01-07,2021,1,7,32.0
2021-01-08,2021,1,8,17.0
2021-01-09,2021,1,9,11.0
2021-01-10,2021,1,10,18.0
2021-01-11,2021,1,11,18.0
2021-01-12,2021,1,12,16.0
2021-01-13,2021,1,13,21.0
2021-01-14,2021,1,14,27.0
2021-01-15,2021,1,15,25.0
2021-01-16,2021,1,16,23.0
2021-01-17,2021,1,17,21.0
2021-01-18,2021,1,18,16.0
2021-01-19,2021,1,19,22.0
2021-01-20,2021,1,20,21.0
2021-01-21,2021,1,21,9.0
2021-01-22,2021,1,22,1.0
2021-01-23,2021,1,23,3.0
2021-01-24,2021,1,24,6.0
2021-01-25,2021,1,25,13.0
2021-01-26,2021,1,26,17.0
2021-01-27,2021,1,27,24.0
2021-01-28,2021,1,28,28.0
2021-01-29,2021,1,29,27.0
2021-01-30,2021,1,30,37.0
2021-01-31,2021,1,31,52.0
2021-02-01,2021,2,1,61.0
2021-02-02,2021,2,2,55.0
2021-02-03,2021,2,3,44.0
2021-02-04,2021,2,4,35.0
2021-02-05,2021,2,5,35.0
2021-02-06,2021,2,6,28.0
2021-02-07,2021,2,7,33.0
2021-02-08,2021,2,8,34.0
2021-02-09,2021,2,9,52.0
2021-02-10,2021,2,10,80.0
2021-02-11,2021,2,11,94.0
2021-02-12,2021,2,12,95.0
2021-02-13,2021,2,13,90.0
2021-02-14,2021,2,14,83.0
2021-02-15,2021,2,15,71.0
2021-02-16,2021,2,16,57.0
2021-02-17,2021,2,17,47.0
2021-02-18,2021,2,18,42.0
2021-02-19,2021,2,19,48.0
2021-02-20,2021,2,20,54.0
2021-02-21,2021,2,21,55.0
2021-02-22,2021,2,22,57.0
2021-02-23,2021,2,23,59.0
2021-02-24,2021,2,24,58.0
2021-02-25,2021,2,25,62.0
2021-02-26,2021,2,26,69.0
2021-02-27,2021,2,27,72.0
2021-02-28,2021,2,28,71.0
2021-03-01,2021,3,1,70.0
2021-03-02,2021,3,2,64.0
2021-03-03,2021,3,3,50.0
2021-03-04,2021,3,4,45.0
2021-03-05,2021,3,5,46.0
2021-03-06,2021,3,6,52.0
2021-03-07,2021,3,7,58.0
2021-03-08,2021,3,8,56.0
2021-03-09,2021,3,9,54.0
2021-03-10,2021,3,10,56.0
2021-03-11,2021,3,11,54.0
2021-03-12,2021,3,12,46.0
2021-03-13,2021,3,13,41.0
2021-03-14,2021,3,14,38.0
2021-03-15,2021,3,15,36.0
2021-03-16,2021,3,16,39.0
2021-03-17,2021,3,17,30.0
2021-03-18,2021,3,18,24.0
2021-03-19,2021,3,19,23.0
2021-03-20,2021,3,20,30.0
2021-03-21,2021,3,21,43.0
2021-03-22,2021,3,22,51.0
2021-03-23,2021,3,23,63.0
2021-03-24,2021,3,24,72.0
2021-03-25,2021,3,25,72.0
2021-03-26,2021,3,26,69.0
2021-03-27,2021,3,27,62.0
2021-03-28,2021,3,28,54.0
2021-03-29,2021,3,29,43.0
2021-03-30,2021,3,30,37.0
2021-03-31,2021,3,31,25.0
2021-04-01,2021,4,1,19.0
2021-04-02,2021,4,2,15.0
2021-04-03,2021,4,3,22.0
2021-04-04,2021,4,4,29.0
2021-04-05,2021,4,5,41.0
2021-04-06,2021,4,6,51.0
2021-04-07,2021,4,7,60.0
2021-04-08,2021,4,8,63.0
2021-04-09,2021,4,9,64.0
2021-04-10,2021,4,10,67.0
2021-04-11,2021,4,11,72.0
2021-04-12,2021,4,12,67.0
2021-04-13,2021,4,13,60.0
2021-04-14,2021,4,14,47.0
2021-04-15,2021,4,15,39.0
2021-04-16,2021,4,16,40.0
2021-04-17,2021,4,17,123.0
2021-04-18,2021,4,18,265.0
2021-04-19,2021,4,19,293.0
2021-04-20,2021,4,20,285.0
2021-04-21,2021,4,21,261.0
2021-04-22,2021,4,22,230.0
2021-04-23,2021,4,23,195.0
2021-04-24,2021,4,24,161.0
2021-04-25,2021,4,25,130.0
2021-04-26,2021,4,26,113.0
2021-04-27,2021,4,27,112.0
2021-04-28,2021,4,28,115.0
2021-04-29,2021,4,29,114.0
2021-04-30,2021,4,30,109.0
2021-05-01,2021,5,1,106.0
2021-05-02,2021,5,2,105.0
2021-05-03,2021,5,3,104.0
2021-05-04,2021,5,4,103.0
2021-05-05,2021,5,5,101.0
2021-05-06,2021,5,6,111.0
2021-05-07,2021,5,7,113.0
2021-05-08,2021,5,8,104.0
2021-05-09,2021,5,9,88.0
2021-05-10,2021,5,10,71.0
2021-05-11,2021,5,11,64.0
2021-05-12,2021,5,12,80.0
2021-05-13,2021,5,13,86.0
2021-05-14,2021,5,14,115.0
2021-05-15,2021,5,15,129.0
2021-05-16,2021,5,16,124.0
2021-05-17,2021,5,17,121.0
2021-05-18,2021,5,18,112.0
2021-05-19,2021,5,19,102.0
2021-05-20,2021,5,20,93.0
2021-05-21,2021,5,21,80.0
2021-05-22,2021,5,22,72.0
2021-05-23,2021,5,23,62.0
2021-05-24,2021,5,24,46.0
2021-05-25,2021,5,25,37.0
2021-05-26,2021,5,26,58.0
2021-05-27,2021,5,27,79.0
2021-05-28,2021,5,28,81.0
2021-05-29,2021,5,29,74.0
2021-05-30,2021,5,30,71.0
2021-05-31,2021,5,31,66.0
2021-06-01,2021,6,1,54.0
2021-06-02,2021,6,2,42.0
2021-06-03,2021,6,3,34.0
2021-06-04,2021,6,4,24.0
2021-06-05,2021,6,5,7.0
2021-06-06,2021,6,6,1.0
2021-06-07,2021,6,7,4.0
2021-06-08,2021,6,8,40.0
2021-06-09,2021,6,9,102.0
2021-06-10,2021,6,10,117.0
2021-06-11,2021,6,11,112.0
2021-06-12,2021,6,12,151.0
2021-06-13,2021,6,13,253.0
2021-06-14,2021,6,14,320.0
2021-06-15,2021,6,15,310.0
2021-06-16,2021,6,16,278.0
2021-06-17,2021,6,17,238.0
2021-06-18,2021,6,18,193.0
2021-06-19,2021,6,19,153.0
2021-06-20,2021,6,20,125.0
2021-06-21,2021,6,21,95.0
2021-06-22,2021,6,22,74.0
2021-06-23,2021,6,23,99.0
2021-06-24,2021,6,24,124.0
2021-06-25,2021,6,25,127.0
2021-06-26,2021,6,26,146.0
2021-06-27,2021,6,27,158.0
2021-06-28,2021,6,28,156.0
2021-06-29,2021,6,29,131.0
2021-06-30,2021,6,30,109.0
2021-07-01,2021,7,1,90.0
2021-07-02,2021,7,2,70.0
2021-07-03,2021,7,3,51.0
2021-07-04,2021,7,4,40.0
2021-07-05,2021,7,5,43.0
2021-07-06,2021,7,6,66.0
2021-07-07,2021,7,7,96.0
2021-07-08,2021,7,8,191.0
2021-07-09,2021,7,9,272.0
2021-07-10,2021,7,10,277.0
2021-07-11,2021,7,11,251.0
2021-07-12,2021,7,12,221.0
2021-07-13,2021,7,13,191.0
2021-07-14,2021,7,14,163.0
2021-07-15,2021,7,15,134.0
2021-07-16,2021,7,16,98.0
2021-07-17,2021,7,17,69.0
2021-07-18,2021,7,18,57.0
2021-07-19,2021,7,19,66.0
2021-07-20,2021,7,20,65.0
2021-07-21,2021,7,21,65.0
2021-07-22,2021,7,22,89.0
2021-07-23,2021,7,23,135.0
2021-07-24,2021,7,24,237.0
2021-07-25,2021,7,25,267.0
2021-07-26,2021,7,26,259.0
2021-07-27,2021,7,27,232.0
2021-07-28,2021,7,28,200.0
2021-07-29,2021,7,29,176.0
2021-07-30,2021,7,30,162.0
2021-07-31,2021,7,31,144.0
2021-08-01,2021,8,1,118.0
2021-08-02,2021,8,2,96.0
2021-08-03,2021,8,3,84.0
2021-08-04,2021,8,4,75.0
2021-08-05,2021,8,5,66.0
2021-08-06,2021,8,6,58.0
2021-08-07,2021,8,7,52.0
2021-08-08,2021,8,8,50.0
2021-08-09,2021,8,9,56.0
2021-08-10,2021,8,10,77.0
2021-08-11,2021,8,11,115.0
2021-08-12,2021,8,12,169.0
2021-08-13,2021,8,13,219.0
2021-08-14,2021,8,14,227.0
2021-08-15,2021,8,15,210.0
2021-08-16,2021,8,16,188.0
2021-08-17,2021,8,17,163.0
2021-08-18,2021,8,18,152.0
2021-08-19,2021,8,19,176.0
2021-08-20,2021,8,20,180.0
2021-08-21,2021,8,21,161.0
2021-08-22,2021,8,22,137.0
2021-08-23,2021,8,23,115.0
2021-08-24,2021,8,24,98.0
2021-08-25,2021,8,25,90.0
2021-08-26,2021,8,26,88.0
2021-08-27,2021,8,27,120.0
2021-08-28,2021,8,28,189.0
2021-08-29,2021,8,29,215.0
2021-08-30,2021,8,30,196.0
2021-08-31,2021,8,31,169.0
2021-09-01,2021,9,1,146.0
2021-09-02,2021,9,2,124.0
2021-09-03,2021,9,3,115.0
2021-09-04,2021,9,4,110.0
2021-09-05,2021,9,5,110.0
2021-09-06,2021,9,6,133.0
2021-09-07,2021,9,7,143.0
2021-09-08,2021,9,8,161.0
2021-09-09,2021,9,9,235.0
2021-09-10,2021,9,10,284.0
2021-09-11,2021,9,11,273.0
2021-09-12,2021,9,12,243.0
2021-09-13,2021,9,13,210.0
2021-09-14,2021,9,14,188.0
2021-09-15,2021,9,15,213.0
2021-09-16,2021,9,16,246.0
2021-09-17,2021,9,17,241.0
2021-09-18,2021,9,18,226.0
2021-09-19,2021,9,19,204.0
2021-09-20,2021,9,20,179.0
2021-09-21,2021,9,21,155.0
2021-09-22,2021,9,22,137.0
2021-09-23,2021,9,23,136.0
2021-09-24,2021,9,24,146.0
2021-09-25,2021,9,25,253.0
2021-09-26,2021,9,26,357.0
2021-09-27,2021,9,27,391.0
2021-09-28,2021,9,28,383.0
2021-09-29,2021,9,29,355.0
2021-09-30,2021,9,30,324.0
2021-10-01,2021,10,1,290.0
2021-10-02,2021,10,2,257.0
2021-10-03,2021,10,3,237.0
2021-10-04,2021,10,4,228.0
2021-10-05,2021,10,5,217.0
2021-10-06,2021,10,6,206.0
2021-10-07,2021,10,7,187.0
2021-10-08,2021,10,8,164.0
2021-10-09,2021,10,9,143.0
2021-10-10,2021,10,10,163.0
2021-10-11,2021,10,11,317.0
2021-10-12,2021,10,12,453.0
2021-10-13,2021,10,13,479.0
2021-10-14,2021,10,14,474.0
2021-10-15,2021,10,15,478.0
2021-10-16,2021,10,16,512.0
2021-10-17,2021,10,17,535.0
2021-10-18,2021,10,18,532.0
2021-10-19,2021,10,19,511.0
2021-10-20,2021,10,20,485.0
2021-10-21,2021,10,21,457.0
2021-10-22,2021,10,22,427.0
2021-10-23,2021,10,23,402.0
2021-10-24,2021,10,24,377.0
2021-10-25,2021,10,25,355.0
2021-10-26,2021,10,26,335.0
2021-10-27,2021,10,27,313.0
2021-10-28,2021,10,28,293.0
2021-10-29,2021,10,29,291.0
2021-10-30,2021,10,30,315.0
2021-10-31,2021,10,31,344.0
2021-11-01,2021,11,1,348.0
2021-11-02,2021,11,2,343.0
2021-11-03,2021,11,3,331.0
2021-11-04,2021,11,4,317.0
2021-11-05,2021,11,5,300.0
2021-11-06,2021,11,6,282.0
2021-11-07,2021,11,7,265.0
2021-11-08,2021,11,8,250.0
2021-11-09,2021,11,9,233.0
2021-11-10,2021,11,10,221.0
2021-11-11,2021,11,11,206.0
2021-11-12,2021,11,12,193.0
2021-11-13,2021,11,13,175.0
2021-11-14,2021,11,14,156.0
2021-11-15,2021,11,15,140.0
2021-11-16,2021,11,16,125.0
2021-11-17,2021,11,17,110.0
2021-11-18,2021,11,18,98.0
2021-11-19,2021,11,19,93.0
2021-11-20,2021,11,20,94.0
2021-11-21,2021,11,21,95.0
2021-11-22,2021,11,22,92.0
2021-11-23,2021,11,23,87.0
2021-11-24,2021,11,24,83.0
2021-11-25,2021,11,25,83.0
2021-11-26,2021,11,26,82.0
2021-11-27,2021,11,27,79.0
2021-11-28,2021,11,28,80.0
2021-11-29,2021,11,29,84.0
2021-11-30,2021,11,30,83.0
2021-12-01,2021,12,1,65.0
2021-12-02,2021,12,2,53.0
2021-12-03,2021,12,3,57.0
2021-12-04,2021,12,4,61.0
2021-12-05,2021,12,5,63.0
2021-12-06,2021,12,6,68.0
2021-12-07,2021,12,7,74.0
2021-12-08,2021,12,8,79.0
2021-12-09,2021,12,9,83.0
2021-12-10,2021,12,10,87.0
2021-12-11,2021,12,11,83.0
2021-12-12,2021,12,12,74.0
2021-12-13,2021,12,13,62.0
2021-12-14,2021,12,14,47.0
2021-12-15,2021,12,15,51.0
2021-12-16,2021,12,16,55.0
2021-12-17,2021,12,17,49.0
2021-12-18,2021,12,18,45.0
2021-12-19,2021,12,19,52.0
2021-12-20,2021,12,20,61.0
2021-12-21,2021,12,21,60.0
2021-12-22,2021,12,22,51.0
2021-12-23,2021,12,23,50.0
2021-12-24,2021,12,24,50.0
2021-12-25,2021,12,25,51.0
2021-12-26,2021,12,26,54.0
2021-12-27,2021,12,27,61.0
2021-12-28,2021,12,28,57.0
2021-12-29,2021,12,29,42.0
2021-12-30,2021,12,30,22.0
2021-12-31,2021,12,31,23.0
2022-01-01,2022,1,1,27.0
2022-01-02,2022,1,2,33.0
2022-01-03,2022,1,3,39.0
2022-01-04,2022,1,4,42.0
2022-01-05,2022,1,5,45.0
2022-01-06,2022,1,6,47.0
2022-01-07,2022,1,7,48.0
2022-01-08,2022,1,8,45.0
2022-01-09,2022,1,9,47.0
2022-01-10,2022,1,10,33.0
2022-01-11,2022,1,11,14.0
2022-01-12,2022,1,12,13.0
2022-01-13,2022,1,13,20.0
2022-01-14,2022,1,14,20.0
2022-01-15,2022,1,15,22.0
2022-01-16,2022,1,16,25.0
2022-01-17,2022,1,17,35.0
2022-01-18,2022,1,18,38.0
2022-01-19,2022,1,19,44.0
2022-01-20,2022,1,20,62.0
2022-01-21,2022,1,21,75.0
2022-01-22,2022,1,22,92.0
2022-01-23,2022,1,23,104.0
2022-01-24,2022,1,24,97.0
2022-01-25,2022,1,25,81.0
2022-01-26,2022,1,26,59.0
2022-01-27,2022,1,27,54.0
2022-01-28,2022,1,28,65.0
2022-01-29,2022,1,29,78.0
2022-01-30,2022,1,30,86.0
2022-01-31,2022,1,31,89.0
2022-02-01,2022,2,1,85.0
2022-02-02,2022,2,2,81.0
2022-02-03,2022,2,3,78.0
2022-02-04,2022,2,4,73.0
2022-02-05,2022,2,5,62.0
2022-02-06,2022,2,6,59.0
2022-02-07,2022,2,7,60.0
2022-02-08,2022,2,8,58.0
2022-02-09,2022,2,9,61.0
2022-02-10,2022,2,10,67.0
2022-02-11,2022,2,11,86.0
2022-02-12,2022,2,12,92.0
2022-02-13,2022,2,13,102.0
2022-02-14,2022,2,14,100.0
2022-02-15,2022,2,15,101.0
2022-02-16,2022,2,16,104.0
2022-02-17,2022,2,17,106.0
2022-02-18,2022,2,18,105.0
2022-02-19,2022,2,19,109.0
2022-02-20,2022,2,20,136.0
2022-02-21,2022,2,21,203.0
2022-02-22,2022,2,22,204.0
2022-02-23,2022,2,23,177.0
2022-02-24,2022,2,24,148.0
2022-02-25,2022,2,25,123.0
2022-02-26,2022,2,26,109.0
2022-02-27,2022,2,27,99.0
2022-02-28,2022,2,28,91.0
2022-03-01,2022,3,1,82.0
2022-03-02,2022,3,2,73.0
2022-03-03,2022,3,3,67.0
2022-03-04,2022,3,4,66.0
2022-03-05,2022,3,5,63.0
2022-03-06,2022,3,6,55.0
2022-03-07,2022,3,7,65.0
2022-03-08,2022,3,8,88.0
2022-03-09,2022,3,9,96.0
2022-03-10,2022,3,10,90.0
2022-03-11,2022,3,11,84.0
2022-03-12,2022,3,12,75.0
2022-03-13,2022,3,13,64.0
2022-03-14,2022,3,14,56.0
2022-03-15,2022,3,15,47.0
2022-03-16,2022,3,16,43.0
2022-03-17,2022,3,17,46.0
2022-03-18,2022,3,18,46.0
2022-03-19,2022,3,19,45.0
2022-03-20,2022,3,20,52.0
2022-03-21,2022,3,21,55.0
2022-03-22,2022,3,22,49.0
2022-03-23,2022,3,23,61.0
2022-03-24,2022,3,24,77.0
2022-03-25,2022,3,25,98.0
2022-03-26,2022,3,26,105.0
2022-03-27,2022,3,27,100.0
2022-03-28,2022,3,28,88.0
2022-03-29,2022,3,29,82.0
2022-03-30,2022,3,30,82.0
2022-03-31,2022,3,31,75.0
2022-04-01,2022,4,1,74.0
2022-04-02,2022,4,2,131.0
2022-04-03,2022,4,3,155.0
2022-04-04,2022,4,4,153.0
2022-04-05,2022,4,5,138.0
2022-04-06,2022,4,6,114.0
2022-04-07,2022,4,7,88.0
2022-04-08,2022,4,8,68.0
2022-04-09,2022,4,9,55.0
2022-04-10,2022,4,10,47.0
2022-04-11,2022,4,11,43.0
2022-04-12,2022,4,12,42.0
2022-04-13,2022,4,13,44.0
2022-04-14,2022,4,14,43.0
2022-04-15,2022,4,15,44.0
2022-04-16,2022,4,16,60.0
2022-04-17,2022,4,17,76.0
2022-04-18,2022,4,18,80.0
2022-04-19,2022,4,19,76.0
2022-04-20,2022,4,20,79.0
2022-04-21,2022,4,21,86.0
2022-04-22,2022,4,22,87.0
2022-04-23,2022,4,23,83.0
2022-04-24,2022,4,24,77.0
2022-04-25,2022,4,25,71.0
2022-04-26,2022,4,26,58.0
2022-04-27,2022,4,27,46.0
2022-04-28,2022,4,28,34.0
2022-04-29,2022,4,29,31.0
2022-04-30,2022,4,30,30.0
2022-05-01,2022,5,1,38.0
2022-05-02,2022,5,2,47.0
2022-05-03,2022,5,3,58.0
2022-05-04,2022,5,4,69.0
2022-05-05,2022,5,5,65.0
2022-05-06,2022,5,6,56.0
2022-05-07,2022,5,7,49.0
2022-05-08,2022,5,8,51.0
2022-05-09,2022,5,9,52.0
2022-05-10,2022,5,10,53.0
2022-05-11,2022,5,11,53.0
2022-05-12,2022,5,12,60.0
2022-05-13,2022,5,13,69.0
2022-05-14,2022,5,14,77.0
2022-05-15,2022,5,15,78.0
2022-05-16,2022,5,16,91.0
2022-05-17,2022,5,17,92.0
2022-05-18,2022,5,18,103.0
2022-05-19,2022,5,19,107.0
2022-05-20,2022,5,20,108.0
2022-05-21,2022,5,21,108.0
2022-05-22,2022,5,22,123.0
2022-05-23,2022,5,23,234.0
2022-05-24,2022,5,24,386.0
2022-05-25,2022,5,25,457.0
2022-05-26,2022,5,26,462.0
2022-05-27,2022,5,27,444.0
2022-05-28,2022,5,28,424.0
2022-05-29,2022,5,29,415.0
2022-05-30,2022,5,30,402.0
2022-05-31,2022,5,31,405.0
2022-06-01,2022,6,1,420.0
2022-06-02,2022,6,2,437.0
2022-06-03,2022,6,3,433.0
2022-06-04,2022,6,4,393.0
2022-06-05,2022,6,5,358.0
2022-06-06,2022,6,6,322.0
2022-06-07,2022,6,7,316.0
2022-06-08,2022,6,8,321.0
2022-06-09,2022,6,9,305.0
2022-06-10,2022,6,10,281.0
2022-06-11,2022,6,11,248.0
2022-06-12,2022,6,12,209.0
2022-06-13,2022,6,13,170.0
2022-06-14,2022,6,14,164.0
2022-06-15,2022,6,15,191.0
2022-06-16,2022,6,16,209.0
2022-06-17,2022,6,17,216.0
2022-06-18,2022,6,18,210.0
2022-06-19,2022,6,19,203.0
2022-06-20,2022,6,20,183.0
2022-06-21,2022,6,21,148.0
2022-06-22,2022,6,22,114.0
2022-06-23,2022,6,23,92.0
2022-06-24,2022,6,24,84.0
2022-06-25,2022,6,25,78.0
2022-06-26,2022,6,26,74.0
2022-06-27,2022,6,27,104.0
2022-06-28,2022,6,28,108.0
2022-06-29,2022,6,29,112.0
2022-06-30,2022,6,30,154.0
2022-07-01,2022,7,1,196.0
2022-07-02,2022,7,2,192.0
2022-07-03,2022,7,3,177.0
2022-07-04,2022,7,4,155.0
2022-07-05,2022,7,5,136.0
2022-07-06,2022,7,6,174.0
2022-07-07,2022,7,7,203.0
2022-07-08,2022,7,8,248.0
2022-07-09,2022,7,9,253.0
2022-07-10,2022,7,10,240.0
2022-07-11,2022,7,11,230.0
2022-07-12,2022,7,12,270.0
2022-07-13,2022,7,13,305.0
2022-07-14,2022,7,14,331.0
2022-07-15,2022,7,15,339.0
2022-07-16,2022,7,16,330.0
2022-07-17,2022,7,17,303.0
2022-07-18,2022,7,18,270.0
2022-07-19,2022,7,19,252.0
2022-07-20,2022,7,20,253.0
2022-07-21,2022,7,21,278.0
2022-07-22,2022,7,22,327.0
2022-07-23,2022,7,23,341.0
2022-07-24,2022,7,24,324.0
2022-07-25,2022,7,25,296.0
2022-07-26,2022,7,26,264.0
2022-07-27,2022,7,27,227.0
2022-07-28,2022,7,28,192.0
2022-07-29,2022,7,29,164.0
2022-07-30,2022,7,30,143.0
2022-07-31,2022,7,31,148.0
2022-08-01,2022,8,1,138.0
2022-08-02,2022,8,2,116.0
2022-08-03,2022,8,3,94.0
2022-08-04,2022,8,4,76.0
2022-08-05,2022,8,5,75.0
2022-08-06,2022,8,6,80.0
